userId,userIdAsInteger
5e432220-8991-11e6-ac16-6945cf2d3541,0
ddfd8b10-9434-11e6-b081-b792acbf679e,1
4ff13ca0-3525-11e5-bde8-97d04bccfc9b,2
dfff0060-9434-11e6-b916-0fd2eb2adb51,3
61d13690-9434-11e6-b916-0fd2eb2adb51,4
e9139050-8ebf-11e6-8830-ada189dc6a0b,5
654c3060-5f81-11e5-a75e-93695a9ddc37,6
18235dc0-9434-11e6-aff6-8d2c7b2df9cc,7
e3eb9100-20be-11e6-aebd-a18bc0b743fe,8
610151c0-8eb5-11e6-a793-2175ae304da6,9
888d66b0-9433-11e6-8bd1-4b9332101b37,10
5bdb2250-355c-11e6-8d02-a3a7c466325a,11
92160ff0-9205-11e6-a8cd-57bae165341f,12
ae861960-3229-11e5-8181-95f9b990c364,13
1c59c660-9432-11e6-9ba3-dd46b0e04be0,14
1fc0ada0-7886-11e5-ba6d-979ca1cd62a6,15
3f0e41c0-526d-11e5-b44c-ffbf197d3ead,16
730fb880-3564-11e5-8f57-71cdd11be7ce,17
30b4b8a0-8b30-11e6-b296-e9be849631cd,18
e0f28820-9434-11e6-9367-ab4c30743a15,19
d27e6d90-9434-11e6-9c1e-d77bdaabf84e,20
80a64790-9434-11e6-8ba9-c3efd0092b5a,21
291f2370-2694-11e5-b08e-d70ac29e4f6c,22
92adfd90-557c-11e5-84bb-c9e5c9c71b26,23
3a074690-2086-11e5-a3f5-9f26b6a7015d,24
48cb44b0-9434-11e6-8930-9be839329fe4,25
b75ca750-9215-11e6-8825-b3253bd4e085,26
db979980-9432-11e6-aff6-8d2c7b2df9cc,27
3eb299c0-85f6-11e6-8cf6-4d25df5a6350,28
7f7bf700-5b75-11e5-b28d-4988e6377a29,29
7d842a30-2f79-11e5-8c6f-b38bd8072faa,30
95b9e840-f320-11e5-918a-b56092dc9c48,31
b9caec80-92f7-11e6-90ab-0104008c7651,32
87203480-701f-11e5-898d-89909dc05ef2,33
e12b2450-9434-11e6-8dc6-1d50bbb09c08,34
4fa2ea00-1cc5-11e5-b68e-45e83a5ee531,35
ae7aade0-1c13-11e5-b56a-73579490ac14,36
52779760-7c08-11e5-96b9-f3f0ea703d33,37
11e48ce0-9434-11e6-9c1e-d77bdaabf84e,38
8d89b700-2aec-11e6-9230-6f58dbd0db98,39
8eba67d0-9434-11e6-b5c3-c1f234b8f4b9,40
c2a2fc20-9055-11e6-aeab-b19e284215b7,41
6fd32230-1f0a-11e5-a195-eb206ad25ab4,42
19a2eb30-33db-11e5-b0d6-bda8b78bf85e,43
aa813e20-593e-11e6-bd38-5186ebc26976,44
4b5e1e20-1f67-11e5-a33b-d701386a1c57,45
a997b1c0-9434-11e6-87ef-47bf53cb75d3,46
e22514b0-9434-11e6-a459-f312ecb991ba,47
22ff9b70-918a-11e6-8b79-b59d60b5fdc6,48
3f6a8fd0-9433-11e6-99fd-d3bac9a8618a,49
e4a0adf0-9432-11e6-ab21-5f164ecce83c,50
7a5e7d80-5547-11e5-84bb-c9e5c9c71b26,51
3144ef90-d7d7-11e5-82f9-2d314d9935fb,52
e21d4c80-9434-11e6-b0b3-87aa4aa90bac,53
c84b3fa0-1dbc-11e5-b0a9-7159cce7df0f,54
435b0060-2a26-11e6-9230-6f58dbd0db98,55
11b50b60-2ea4-11e5-a006-59324c919af8,56
4b9ab210-9368-11e6-a1e0-d517020638ed,57
de826bf0-2d24-11e5-a464-5b39f0d5e8f3,58
555a1660-36c6-11e5-bdc4-edab4d608a5f,59
e2b7ded0-9434-11e6-9c1e-d77bdaabf84e,60
84691bf0-9434-11e6-83ea-ffae5bfbb3a3,61
3dec1670-9220-11e6-b2c4-a11b180a1838,62
1a2af6d0-7375-11e6-9286-5541e6a00dc6,63
e5944cb0-8e53-11e6-b23f-a78c15c85e2c,64
2bb289b0-9434-11e6-b916-0fd2eb2adb51,65
6307e1d0-9434-11e6-aff6-8d2c7b2df9cc,66
bad7bc80-139e-11e6-a5e8-b729d282741e,67
d851d270-9434-11e6-b916-0fd2eb2adb51,68
4f71ce30-97a3-11e5-8369-1ba1bb746bf9,69
b2b57170-2ed7-11e5-a117-4710ee663688,70
64433270-8fca-11e6-b745-01d5a1c3f4fc,71
d3d0ef10-7009-11e5-8cff-6fe06600086e,72
391ddc60-13b7-11e6-81c7-f30230efbca1,73
643c4320-9434-11e6-aeaf-d535332c1988,74
083610b0-9434-11e6-a76a-bb63fafa110d,75
b4959c30-77f7-11e6-8f66-2ddfa516f406,76
8d9e5530-2619-11e5-84cf-7345156bf45a,77
e8425470-5947-11e6-a03d-dfd8a4683806,78
63b2e8c0-c408-11e5-8763-cbb5602e410c,79
4751c6c0-3857-11e5-9bb2-c16b3b3f1c1a,80
165ebfd0-9433-11e6-99fd-d3bac9a8618a,81
77cef630-35d0-11e5-b176-ffd38ce39746,82
5e2d7220-5541-11e5-84bb-c9e5c9c71b26,83
01f054e0-8ef8-11e6-b5db-0dbafdc4350e,84
69552de0-93c1-11e6-87ef-47bf53cb75d3,85
162c46b0-91d9-11e6-ae58-abb72e20cfd0,86
b50581b0-67b4-11e6-8430-21c333855bee,87
6444e110-35d5-11e5-a17b-71d885b4a5b5,88
e453b480-9434-11e6-b081-b792acbf679e,89
1bfae100-8df1-11e6-baef-39446ebda000,90
fd094570-93d1-11e6-a5f6-d7999bb0b674,91
9a7cadf0-5cbf-11e6-b747-155abf564023,92
88efb4e0-8ac5-11e6-b5ca-7ff4af56761e,93
617497c0-2205-11e5-a3f5-9f26b6a7015d,94
557f86d0-9434-11e6-9367-ab4c30743a15,95
972148d0-9434-11e6-960c-b148bf5279b2,96
9a2268a0-1d9f-11e5-9585-fddf3e747252,97